asset_id,duration,event_observed,asset_age,avg_temperature,vibration_score,load_factor,maintenance_quality
asset_0000,81.41,1,34.25,67.99,1.888,0.741,medium
asset_0001,12.89,1,42.4,80.82,3.626,0.394,high
asset_0002,53.06,1,31.34,74.53,0.654,0.669,medium
asset_0003,39.97,1,29.08,65.72,2.354,0.709,medium
asset_0004,15.52,1,44.97,64.21,1.261,0.798,low
asset_0005,53.09,1,30.36,57.17,1.755,0.46,medium
asset_0006,25.04,1,37.09,74.62,0.582,0.85,medium
asset_0007,64.11,1,35.35,68.81,2.365,0.944,medium
asset_0008,51.91,1,44.95,50.65,1.74,0.891,low
asset_0009,45.63,0,26.59,67.18,1.2,0.29,low
asset_0010,68.32,0,52.33,63.89,1.633,0.933,low
asset_0011,29.29,1,23.25,86.18,0.865,0.594,medium
asset_0012,59.35,1,38.27,56.67,0.941,0.716,medium
asset_0013,103.59,0,36.12,59.03,0.991,0.885,medium
asset_0014,21.2,1,22.17,81.99,0.531,0.668,medium
asset_0015,57.25,1,39.82,84.21,1.8,0.427,low
asset_0016,32.3,1,27.62,65.3,2.088,0.801,medium
asset_0017,34.25,1,18.43,66.31,0.891,0.952,low
asset_0018,34.37,1,42.26,77.55,1.429,0.78,high
asset_0019,48.21,1,14.8,51.06,1.084,0.742,low
asset_0020,63.95,1,20.27,55.25,1.416,0.786,medium
asset_0021,57.21,1,31.16,69.47,0.921,0.742,low
asset_0022,39.46,1,44.81,85.95,0.821,0.633,high
asset_0023,58.11,1,41.01,68.08,1.961,0.772,low
asset_0024,39.56,1,33.99,72.91,1.187,0.745,high
asset_0025,24.2,1,12.19,82.2,3.034,0.462,low
asset_0026,11.07,1,22.7,90.96,1.247,0.789,high
asset_0027,91.4,0,25.32,66.81,0.805,0.81,medium
asset_0028,55.89,1,17.97,71.85,2.122,0.595,medium
asset_0029,60.46,1,10.37,88.4,1.622,0.472,low
asset_0030,26.61,1,31.9,58.3,1.694,0.674,medium
asset_0031,15.59,1,41.63,81.25,2.087,0.374,high
asset_0032,104.81,0,24.31,62.84,0.911,0.762,high
asset_0033,26.11,1,44.54,72.92,1.153,0.886,low
asset_0034,54.52,0,13.81,69.82,1.131,0.657,medium
asset_0035,90.75,0,17.38,63.38,0.683,0.804,medium
asset_0036,25.47,1,31.57,63.15,1.085,0.509,low
asset_0037,16.79,1,23.26,74.49,2.229,0.562,medium
asset_0038,66.67,1,40.0,80.96,1.359,0.557,medium
asset_0039,60.14,0,36.9,70.83,0.666,0.652,medium
asset_0040,71.32,0,24.12,72.63,0.606,0.626,high
asset_0041,65.52,1,14.56,77.14,2.584,0.74,high
asset_0042,77.66,0,22.71,63.26,1.173,0.734,high
asset_0043,69.33,1,37.33,78.66,0.913,0.861,low
asset_0044,57.87,1,40.75,79.37,1.08,0.582,high
asset_0045,60.45,1,23.31,95.43,0.628,0.954,medium
asset_0046,52.23,0,10.33,68.62,2.317,0.497,medium
asset_0047,20.21,1,13.38,67.88,1.023,0.912,low
asset_0048,53.01,0,35.89,78.92,2.26,0.609,high
asset_0049,20.38,1,23.91,79.37,1.25,0.696,medium
asset_0050,91.28,1,24.21,67.18,2.324,0.818,high
asset_0051,20.85,1,17.23,68.37,1.371,0.943,medium
asset_0052,38.31,1,17.05,76.87,1.793,0.519,high
asset_0053,91.11,1,44.18,64.55,1.688,0.573,medium
asset_0054,40.84,1,36.5,68.31,1.617,0.778,high
asset_0055,53.85,1,21.14,72.81,1.428,0.661,medium
asset_0056,44.23,1,30.45,80.96,1.1,0.654,low
asset_0057,98.76,0,33.04,66.56,2.892,0.359,medium
asset_0058,24.54,1,61.35,55.42,0.812,0.92,medium
asset_0059,45.43,1,16.28,54.75,1.224,0.843,medium
asset_0060,63.84,1,32.83,60.67,1.23,0.925,medium
asset_0061,27.01,1,44.08,60.18,1.464,0.925,medium
asset_0062,43.02,1,57.94,70.61,1.007,0.673,high
asset_0063,19.12,1,20.58,61.3,1.407,0.814,medium
asset_0064,40.03,1,23.76,65.68,1.132,0.699,high
asset_0065,69.29,1,40.18,65.03,0.599,0.798,low
asset_0066,70.11,0,12.08,68.04,1.227,0.963,medium
asset_0067,46.47,1,34.4,83.9,0.744,0.749,high
asset_0068,32.8,1,71.78,77.96,0.56,0.726,medium
asset_0069,10.51,1,36.15,72.15,1.299,0.651,medium
asset_0070,138.41,1,7.29,67.85,1.521,0.613,medium
asset_0071,89.73,1,18.56,68.1,1.548,0.901,medium
asset_0072,47.27,0,20.92,74.95,1.577,0.513,medium
asset_0073,71.43,1,48.88,77.26,0.512,0.491,low
asset_0074,37.94,1,26.97,63.83,0.662,0.911,high
asset_0075,73.03,1,10.43,72.33,2.969,0.47,low
asset_0076,129.26,1,28.52,53.72,0.762,0.605,medium
asset_0077,106.87,1,31.37,73.91,1.608,0.742,medium
asset_0078,49.24,1,22.33,78.86,0.897,0.493,low
asset_0079,17.65,1,16.89,69.48,1.266,0.879,low
asset_0080,29.76,1,75.51,88.35,0.919,0.798,high
asset_0081,70.15,1,44.14,64.07,1.573,0.607,medium
asset_0082,28.41,1,46.04,73.96,1.299,0.879,low
asset_0083,66.76,0,27.0,71.68,0.998,0.815,high
asset_0084,61.55,0,20.4,71.1,0.761,0.846,medium
asset_0085,41.7,0,22.9,70.97,1.378,0.793,low
asset_0086,65.47,0,13.79,72.96,0.708,0.289,medium
asset_0087,66.57,0,60.78,79.63,1.48,0.495,medium
asset_0088,18.41,1,27.55,84.4,3.983,0.641,low
asset_0089,49.31,1,54.23,71.98,2.242,0.776,high
asset_0090,27.56,1,23.48,79.34,1.688,0.49,medium
asset_0091,52.67,1,36.4,65.68,1.175,0.93,medium
asset_0092,40.56,1,32.23,78.89,0.51,0.721,medium
asset_0093,99.1,0,12.97,65.14,0.674,0.388,high
asset_0094,4.36,1,64.45,81.82,2.175,0.975,medium
asset_0095,56.17,1,23.85,91.9,0.856,0.679,high
asset_0096,60.06,1,15.43,70.9,0.892,0.737,medium
asset_0097,79.76,1,40.33,52.27,1.134,0.878,high
asset_0098,38.45,1,29.25,67.07,0.757,0.7,medium
asset_0099,8.29,1,34.81,83.09,0.703,0.925,medium
asset_0100,43.9,1,30.74,76.98,1.194,0.789,low
asset_0101,29.96,1,7.8,74.24,0.818,0.648,high
asset_0102,21.17,1,18.22,81.08,0.875,0.858,medium
asset_0103,48.83,1,17.83,76.36,0.859,0.847,medium
asset_0104,43.75,1,45.72,82.96,1.545,0.468,medium
asset_0105,16.59,1,29.81,80.27,1.1,0.969,low
asset_0106,14.56,1,37.47,85.7,1.127,0.715,high
asset_0107,55.51,1,24.59,75.23,1.598,0.76,high
asset_0108,71.29,0,38.37,80.15,1.146,0.253,medium
asset_0109,76.48,1,27.03,69.24,1.078,0.661,medium
asset_0110,53.13,0,26.04,66.59,1.509,0.823,medium
asset_0111,20.42,1,32.12,87.36,1.65,0.783,high
asset_0112,54.44,1,30.74,73.95,1.143,0.664,low
asset_0113,7.73,1,87.27,79.24,1.267,0.472,medium
asset_0114,123.86,1,18.11,73.11,0.859,0.734,medium
asset_0115,95.49,0,12.14,66.72,0.829,0.467,medium
asset_0116,72.79,1,34.44,72.1,1.727,0.894,medium
asset_0117,2.96,1,19.52,84.92,1.492,0.428,low
asset_0118,72.32,1,7.2,77.0,1.499,0.873,high
asset_0119,68.96,0,15.88,56.6,1.386,0.649,low
asset_0120,41.49,1,77.91,70.06,1.247,0.911,low
asset_0121,2.82,1,17.85,88.04,1.671,0.576,medium
asset_0122,81.79,1,9.81,70.08,1.86,0.478,medium
asset_0123,63.24,1,75.53,55.8,1.841,0.73,low
asset_0124,57.5,1,15.54,89.04,1.167,0.847,medium
asset_0125,34.74,1,100.13,78.14,2.28,0.877,medium
asset_0126,69.45,1,24.05,71.37,1.354,0.615,low
asset_0127,81.59,1,64.58,68.66,1.623,0.548,high
asset_0128,43.78,1,25.73,81.74,1.387,0.544,medium
asset_0129,40.37,0,36.51,67.12,1.365,0.618,medium
asset_0130,64.75,1,27.33,82.33,0.877,0.371,low
asset_0131,64.99,0,25.83,76.88,1.675,0.667,medium
asset_0132,3.05,1,33.04,74.2,4.395,0.812,high
asset_0133,81.65,0,37.17,73.31,1.032,0.727,low
asset_0134,31.36,1,31.78,70.43,1.261,0.719,low
asset_0135,16.91,1,30.16,81.41,0.999,0.737,medium
asset_0136,47.79,1,19.61,64.21,0.981,0.759,low
asset_0137,44.08,0,27.87,57.4,2.447,0.514,high
asset_0138,38.46,1,60.64,77.53,0.902,0.714,medium
asset_0139,27.98,1,19.13,77.68,0.987,0.81,medium
asset_0140,30.0,1,33.52,76.32,0.598,0.703,high
asset_0141,75.27,1,51.63,75.67,0.869,0.408,high
asset_0142,30.23,1,37.32,69.12,0.566,0.654,high
asset_0143,57.95,1,45.96,79.09,1.623,0.845,medium
asset_0144,35.17,1,15.4,71.59,4.305,0.842,medium
asset_0145,74.99,1,33.56,67.62,1.036,0.883,medium
asset_0146,71.72,1,25.08,69.19,0.577,0.604,medium
asset_0147,6.03,1,25.64,90.19,1.831,0.754,medium
asset_0148,27.05,1,58.14,56.39,0.881,0.696,low
asset_0149,9.15,1,25.85,76.5,2.192,0.698,medium
asset_0150,43.75,1,34.11,56.89,1.076,0.957,medium
asset_0151,97.94,0,9.81,71.03,0.919,0.894,medium
asset_0152,11.33,1,64.55,68.1,1.127,0.938,low
asset_0153,129.92,0,44.66,53.23,1.718,0.483,medium
asset_0154,53.7,1,28.4,75.5,1.103,0.467,medium
asset_0155,19.21,1,24.5,68.58,0.977,0.819,medium
asset_0156,22.14,1,39.19,53.11,1.117,0.829,medium
asset_0157,35.79,1,51.32,79.56,0.689,0.873,low
asset_0158,19.94,1,64.98,84.92,1.46,0.95,low
asset_0159,35.34,1,43.93,85.41,0.547,0.788,medium
asset_0160,11.7,1,30.36,75.23,1.0,0.623,low
asset_0161,54.76,1,47.25,72.41,1.719,0.625,medium
asset_0162,33.06,1,43.02,83.95,1.4,0.958,high
asset_0163,10.68,1,30.43,87.14,1.593,0.85,low
asset_0164,14.3,1,42.4,82.2,1.186,0.915,medium
asset_0165,40.66,1,42.01,63.53,2.068,0.394,medium
asset_0166,17.87,1,28.32,73.81,1.852,0.904,medium
asset_0167,73.06,1,22.09,75.96,1.493,0.493,low
asset_0168,45.2,1,40.22,55.71,1.854,0.808,low
asset_0169,96.24,0,16.38,76.22,1.712,0.739,high
asset_0170,60.47,1,14.37,92.46,1.002,0.493,low
asset_0171,58.61,0,34.38,77.76,0.667,0.788,medium
asset_0172,36.61,1,39.68,85.26,1.476,0.545,high
asset_0173,36.29,1,34.25,73.65,1.562,0.677,medium
asset_0174,40.26,1,36.14,71.34,1.995,0.594,medium
asset_0175,41.25,1,7.72,75.43,0.801,0.556,low
asset_0176,62.58,1,39.35,64.66,0.812,0.856,medium
asset_0177,56.19,1,58.25,63.33,1.502,0.816,medium
asset_0178,41.21,1,44.31,83.4,1.183,0.692,high
asset_0179,56.29,0,43.65,84.35,0.523,0.634,low
asset_0180,33.77,1,33.05,63.08,1.446,0.621,low
asset_0181,12.23,1,33.67,80.71,0.531,0.884,high
asset_0182,121.71,1,27.13,71.22,0.798,0.65,low
asset_0183,70.18,0,35.61,75.06,2.244,0.823,high
asset_0184,42.42,1,15.92,76.14,2.777,0.678,medium
asset_0185,21.79,1,58.38,80.95,0.707,0.544,medium
asset_0186,44.83,1,18.45,72.74,1.053,0.659,high
asset_0187,63.94,1,44.26,84.69,1.245,0.475,medium
asset_0188,58.41,1,54.76,74.78,2.723,0.662,low
asset_0189,76.09,1,44.21,77.62,0.978,0.805,high
asset_0190,76.57,1,81.39,64.5,0.986,0.836,high
asset_0191,21.65,1,8.1,91.43,2.452,0.798,high
asset_0192,107.34,1,22.87,76.23,1.032,0.439,medium
asset_0193,27.08,1,54.31,78.42,1.69,0.591,medium
asset_0194,51.78,0,14.03,57.53,0.628,0.363,medium
asset_0195,69.42,1,18.77,64.6,1.131,0.876,low
asset_0196,45.0,1,38.12,83.14,0.579,0.555,medium
asset_0197,74.4,1,30.17,74.58,0.76,0.775,medium
asset_0198,43.56,1,36.95,54.78,1.782,0.709,medium
asset_0199,18.21,1,31.5,81.34,1.194,0.75,medium
asset_0200,125.33,1,32.99,67.11,1.058,0.674,medium
asset_0201,64.79,1,19.81,84.7,0.872,0.781,medium
asset_0202,33.18,1,32.45,71.21,1.106,0.762,medium
asset_0203,32.58,1,23.71,73.84,1.399,0.621,high
asset_0204,46.78,1,25.45,82.61,1.901,0.538,medium
asset_0205,12.5,1,43.96,63.92,0.375,0.722,low
asset_0206,33.29,1,13.62,63.06,0.84,0.824,low
asset_0207,58.8,1,6.14,70.23,1.312,0.622,medium
asset_0208,72.81,1,42.38,79.44,1.168,0.725,medium
asset_0209,67.73,1,32.47,60.02,1.465,0.483,high
asset_0210,72.4,0,54.73,56.99,1.378,0.723,low
asset_0211,70.53,0,19.05,79.41,1.065,0.584,low
asset_0212,136.64,1,27.86,66.57,0.964,0.953,medium
asset_0213,51.25,0,30.77,68.47,1.094,0.473,medium
asset_0214,25.41,1,21.14,55.29,2.048,0.861,high
asset_0215,94.3,1,17.72,65.89,0.879,0.488,high
asset_0216,53.4,1,43.45,71.93,1.187,0.804,medium
asset_0217,46.52,0,12.85,80.37,1.326,0.773,high
asset_0218,17.48,1,16.11,65.06,2.465,0.765,low
asset_0219,33.08,1,27.37,86.92,1.067,0.787,medium
asset_0220,38.29,1,45.98,65.84,1.88,0.494,high
asset_0221,59.43,1,21.89,65.85,2.126,0.747,medium
asset_0222,40.62,0,20.41,85.84,1.187,0.385,high
asset_0223,36.01,1,26.53,73.9,1.111,0.536,medium
asset_0224,51.82,1,35.23,67.03,1.053,0.606,low
asset_0225,39.15,1,24.39,70.6,1.089,0.84,medium
asset_0226,9.55,1,48.91,84.18,1.794,0.615,high
asset_0227,62.95,1,49.93,85.2,1.355,0.458,medium
asset_0228,36.45,1,27.37,64.65,1.358,0.622,high
asset_0229,4.82,1,70.52,71.62,0.736,0.936,low
asset_0230,54.51,0,30.41,72.81,0.79,0.578,high
asset_0231,14.94,1,49.1,63.12,3.204,0.748,medium
asset_0232,8.15,1,34.74,71.5,1.127,0.945,low
asset_0233,38.88,1,34.41,72.05,0.862,0.981,medium
asset_0234,23.93,1,11.1,82.26,2.326,0.867,medium
asset_0235,73.56,0,15.33,82.87,1.387,0.956,medium
asset_0236,106.05,1,25.07,69.04,1.584,0.72,medium
asset_0237,38.97,1,49.75,70.07,1.148,0.959,low
asset_0238,69.07,1,34.99,77.98,1.058,0.594,high
asset_0239,41.59,0,25.19,66.73,1.132,0.907,medium
asset_0240,114.46,1,39.88,77.3,0.656,0.591,high
asset_0241,35.6,1,48.83,71.21,1.174,0.923,medium
asset_0242,65.25,0,29.43,63.28,1.395,0.78,high
asset_0243,42.17,1,32.89,63.39,2.809,0.542,low
asset_0244,92.56,0,30.76,85.02,1.27,0.376,medium
asset_0245,97.6,1,28.47,70.59,0.427,0.552,medium
asset_0246,56.61,1,18.94,86.76,1.171,0.88,low
asset_0247,52.85,1,18.13,67.38,4.19,0.649,low
asset_0248,80.69,0,39.75,74.62,1.804,0.477,medium
asset_0249,61.91,1,49.3,93.53,0.848,0.846,high
asset_0250,85.39,1,25.16,62.48,1.594,0.931,medium
asset_0251,95.93,1,24.85,54.92,0.875,0.576,low
asset_0252,85.19,0,9.27,83.58,0.664,0.85,high
asset_0253,41.29,1,8.18,64.56,1.044,0.393,low
asset_0254,46.7,1,55.58,71.81,1.273,0.677,medium
asset_0255,107.99,1,19.63,66.73,0.526,0.697,high
asset_0256,42.4,1,84.23,74.41,0.728,0.676,high
asset_0257,20.27,1,21.57,63.45,1.227,0.338,high
asset_0258,63.54,1,11.33,70.38,1.016,0.865,high
asset_0259,63.0,1,30.88,76.05,1.459,0.779,medium
asset_0260,51.42,0,43.19,62.93,0.707,0.811,medium
asset_0261,54.72,1,40.81,65.7,1.684,0.68,medium
asset_0262,44.53,1,45.35,68.87,0.717,0.724,high
asset_0263,44.24,1,16.84,59.14,2.558,0.643,high
asset_0264,15.43,1,54.92,68.2,0.564,0.886,medium
asset_0265,70.75,1,56.52,73.07,0.747,0.645,medium
asset_0266,4.87,1,57.75,68.4,1.474,0.922,medium
asset_0267,18.2,1,33.47,69.56,2.583,0.789,medium
asset_0268,34.11,1,24.13,71.82,1.407,0.636,high
asset_0269,42.58,1,22.98,66.1,1.573,0.726,low
asset_0270,34.38,1,11.29,78.22,1.231,0.687,medium
asset_0271,75.84,0,21.83,84.92,0.77,0.69,high
asset_0272,77.44,1,5.82,67.82,0.98,0.612,medium
asset_0273,62.72,1,10.34,76.37,0.708,0.639,medium
asset_0274,69.36,1,33.29,69.84,0.687,0.798,medium
asset_0275,38.47,1,25.62,75.29,1.463,0.724,low
asset_0276,14.77,1,32.56,86.09,0.737,0.765,medium
asset_0277,56.12,1,41.55,76.58,1.41,0.845,low
asset_0278,66.36,1,35.64,56.04,0.68,0.573,low
asset_0279,63.66,1,34.11,76.09,1.396,0.711,low
asset_0280,85.49,1,28.02,83.1,0.98,0.674,medium
asset_0281,41.33,1,19.24,70.01,2.3,0.337,low
asset_0282,82.41,1,14.1,80.96,1.413,0.614,high
asset_0283,7.83,1,22.15,65.79,2.13,0.712,low
asset_0284,17.55,1,28.26,58.63,0.869,0.924,medium
asset_0285,38.29,1,30.12,73.27,1.253,0.568,high
asset_0286,91.77,1,45.4,56.19,0.785,0.39,low
asset_0287,63.41,1,26.96,69.84,1.014,0.723,medium
asset_0288,81.69,1,38.56,83.58,1.086,0.967,high
asset_0289,97.27,1,12.27,54.81,0.881,0.85,medium
asset_0290,41.38,1,33.53,60.48,0.707,0.647,low
asset_0291,105.65,0,32.34,62.71,0.647,0.62,medium
asset_0292,33.44,1,54.93,71.43,0.426,0.633,medium
asset_0293,65.0,0,25.63,68.71,0.759,0.8,medium
asset_0294,48.25,1,25.06,84.59,1.62,0.87,low
asset_0295,76.28,1,41.69,80.59,0.595,0.803,low
asset_0296,14.1,1,14.75,76.46,0.66,0.982,high
asset_0297,42.06,1,33.09,73.31,2.734,0.694,medium
asset_0298,48.35,0,14.31,75.54,0.917,0.881,low
asset_0299,10.75,1,67.01,64.24,1.411,0.727,medium
asset_0300,53.65,1,23.31,79.71,1.631,0.629,high
asset_0301,23.94,1,13.76,61.99,1.646,0.663,low
asset_0302,51.59,1,22.06,79.52,0.616,0.405,low
asset_0303,120.27,1,33.19,82.68,1.101,0.473,medium
asset_0304,30.85,1,37.96,73.9,0.59,0.826,medium
asset_0305,15.99,1,53.51,70.41,3.672,0.903,medium
asset_0306,128.51,0,20.62,75.6,0.596,0.616,high
asset_0307,59.93,1,42.64,46.25,0.762,0.559,low
asset_0308,37.19,1,10.35,74.72,0.765,0.756,medium
asset_0309,99.13,0,16.17,70.98,0.623,0.335,medium
asset_0310,48.42,1,12.48,71.54,2.245,0.446,medium
asset_0311,27.91,1,18.63,78.36,3.633,0.696,medium
asset_0312,70.9,1,41.68,71.33,0.986,0.678,high
asset_0313,27.11,1,20.9,61.74,0.674,0.852,medium
asset_0314,168.69,0,23.09,70.73,0.446,0.795,high
asset_0315,38.06,1,33.65,72.61,1.094,0.737,low
asset_0316,32.07,1,37.16,73.03,1.059,0.777,medium
asset_0317,54.8,1,23.47,73.46,0.911,0.806,medium
asset_0318,30.75,1,16.11,81.35,1.349,0.789,medium
asset_0319,33.97,1,61.58,62.23,1.459,0.641,low
asset_0320,83.93,0,23.55,73.58,1.413,0.589,high
asset_0321,20.43,1,24.83,83.61,1.059,0.484,high
asset_0322,135.73,0,26.52,56.39,0.744,0.833,high
asset_0323,16.96,1,39.14,73.62,1.648,0.63,high
asset_0324,23.84,1,11.88,66.73,1.228,0.683,low
asset_0325,67.47,1,73.35,68.66,1.822,0.793,medium
asset_0326,49.47,1,24.46,63.86,1.743,0.799,medium
asset_0327,151.21,0,39.8,70.47,0.644,0.858,high
asset_0328,23.11,1,13.86,88.57,0.641,0.684,low
asset_0329,62.3,1,31.92,60.62,0.869,0.679,low
asset_0330,41.81,1,67.72,61.47,0.759,0.765,medium
asset_0331,27.48,1,63.02,60.28,1.716,0.585,low
asset_0332,62.48,1,39.28,87.55,1.431,0.844,medium
asset_0333,27.85,1,17.93,67.84,2.003,0.71,medium
asset_0334,32.16,1,52.1,71.77,1.46,0.646,medium
asset_0335,26.46,1,10.3,68.37,1.342,0.62,high
asset_0336,88.28,1,17.57,63.5,2.096,0.866,medium
asset_0337,14.38,1,28.1,69.88,1.509,0.605,low
asset_0338,13.15,1,10.89,94.12,1.259,0.332,low
asset_0339,12.46,1,22.03,84.53,2.378,0.745,low
asset_0340,58.83,1,43.07,64.32,1.286,0.751,low
asset_0341,77.28,1,19.7,77.83,1.065,0.772,medium
asset_0342,86.87,0,44.09,64.52,0.838,0.529,medium
asset_0343,126.52,1,83.06,56.01,1.676,0.446,medium
asset_0344,40.78,1,35.68,81.18,2.131,0.651,low
asset_0345,48.91,1,43.71,82.44,1.194,0.324,high
asset_0346,21.07,1,52.99,81.41,2.2,0.509,low
asset_0347,49.91,1,23.16,67.77,0.503,0.901,medium
asset_0348,41.33,0,43.19,70.5,1.191,0.838,medium
asset_0349,57.13,1,22.85,78.75,1.2,0.885,low
asset_0350,43.28,1,34.41,75.52,0.881,0.823,high
asset_0351,18.74,1,46.47,68.46,3.571,0.517,low
asset_0352,48.69,1,18.4,57.43,1.186,0.881,medium
asset_0353,79.39,1,6.21,73.02,1.017,0.715,medium
asset_0354,45.01,1,17.43,81.71,1.236,0.598,high
asset_0355,79.41,0,49.9,61.22,0.496,0.837,medium
asset_0356,98.14,0,16.21,77.75,0.868,0.743,high
asset_0357,56.25,1,48.52,74.98,1.901,0.668,medium
asset_0358,58.95,0,17.48,78.75,0.92,0.752,medium
asset_0359,18.8,1,26.07,79.85,0.841,0.868,medium
asset_0360,14.07,1,29.12,65.75,2.202,0.872,medium
asset_0361,99.8,0,16.16,57.45,2.232,0.918,medium
asset_0362,58.69,0,26.22,67.2,1.541,0.879,low
asset_0363,72.08,1,11.31,80.0,0.995,0.785,medium
asset_0364,54.49,0,24.28,67.12,1.097,0.811,medium
asset_0365,58.48,1,27.88,65.75,0.851,0.734,low
asset_0366,77.48,0,6.43,55.61,0.781,0.677,medium
asset_0367,62.95,1,17.35,87.77,0.763,0.672,low
asset_0368,44.47,1,33.88,79.43,0.925,0.797,medium
asset_0369,50.9,1,15.1,78.93,0.767,0.664,medium
asset_0370,24.77,1,36.74,80.71,0.604,0.697,medium
asset_0371,71.04,0,38.57,77.19,1.348,0.581,medium
asset_0372,9.71,1,33.8,69.8,1.357,0.821,low
asset_0373,9.62,1,42.93,70.53,2.626,0.894,low
asset_0374,118.1,0,10.86,68.15,0.904,0.428,medium
asset_0375,31.24,1,47.51,95.71,1.395,0.867,high
asset_0376,23.32,1,16.31,77.0,1.406,0.964,medium
asset_0377,21.44,1,30.88,67.83,1.09,0.76,medium
asset_0378,49.5,0,66.39,76.19,1.707,0.485,medium
asset_0379,20.9,1,24.0,62.9,1.731,0.86,medium
asset_0380,16.93,1,29.51,85.54,1.415,0.559,medium
asset_0381,40.14,1,16.37,66.05,1.089,0.778,medium
asset_0382,40.06,1,66.06,76.51,1.04,0.627,low
asset_0383,55.41,1,17.37,81.59,0.66,0.927,low
asset_0384,35.26,1,40.26,75.46,0.85,0.589,medium
asset_0385,30.67,1,52.94,72.85,0.923,0.615,medium
asset_0386,67.0,1,42.19,72.1,0.737,0.568,high
asset_0387,65.45,0,34.87,71.49,1.489,0.737,medium
asset_0388,53.15,0,30.63,66.81,2.093,0.7,medium
asset_0389,131.79,0,13.77,67.95,0.812,0.646,high
asset_0390,25.11,1,64.59,85.32,1.388,0.761,medium
asset_0391,73.15,1,33.42,71.02,0.767,0.854,high
asset_0392,15.65,1,29.52,64.93,1.065,0.595,low
asset_0393,84.23,0,15.57,67.35,0.895,0.727,medium
asset_0394,12.67,1,30.27,81.9,1.601,0.798,medium
asset_0395,60.0,0,28.56,78.08,0.9,0.841,medium
asset_0396,16.74,1,66.39,77.04,1.926,0.966,low
asset_0397,55.18,1,29.51,69.68,1.094,0.928,medium
asset_0398,117.93,1,30.02,77.16,0.912,0.773,medium
asset_0399,81.5,0,15.68,66.21,0.695,0.466,medium
asset_0400,60.42,0,19.32,69.66,1.369,0.867,high
asset_0401,30.88,1,37.88,80.73,1.827,0.831,low
asset_0402,41.79,1,9.59,79.87,1.381,0.521,medium
asset_0403,16.01,1,47.38,63.16,3.345,0.893,low
asset_0404,10.34,1,48.02,64.3,2.324,0.601,high
asset_0405,59.99,1,18.2,72.98,1.064,0.741,high
asset_0406,25.64,1,34.94,87.54,1.059,0.648,high
asset_0407,82.3,1,53.8,54.76,1.509,0.677,high
asset_0408,8.03,1,27.35,74.5,0.838,0.636,medium
asset_0409,76.42,1,24.71,59.62,2.064,0.718,medium
asset_0410,69.63,1,26.35,66.29,1.437,0.822,medium
asset_0411,108.44,1,33.38,68.72,1.371,0.888,high
asset_0412,53.19,1,20.73,68.22,1.664,0.837,medium
asset_0413,65.7,1,23.6,67.2,2.652,0.715,medium
asset_0414,111.87,1,33.72,72.06,1.319,0.497,high
asset_0415,50.74,1,22.56,67.18,1.161,0.698,high
asset_0416,93.5,0,14.89,58.84,2.408,0.447,high
asset_0417,70.83,1,9.06,79.02,1.888,0.772,low
asset_0418,63.23,1,29.81,78.78,1.057,0.532,medium
asset_0419,29.31,1,52.14,79.59,1.224,0.719,medium
asset_0420,88.32,0,35.83,58.13,1.334,0.597,medium
asset_0421,20.05,1,15.23,74.69,1.437,0.84,medium
asset_0422,30.84,1,19.25,78.08,0.663,0.921,medium
asset_0423,26.24,1,24.61,62.72,0.61,0.753,high
asset_0424,6.6,1,67.44,72.08,0.819,0.597,medium
asset_0425,24.52,1,69.26,70.95,0.791,0.879,medium
asset_0426,28.51,1,65.23,88.58,0.914,0.787,high
asset_0427,63.73,1,31.39,89.32,1.625,0.6,medium
asset_0428,89.64,1,109.95,57.02,1.132,0.736,medium
asset_0429,49.07,1,19.78,94.45,1.334,0.619,low
asset_0430,35.69,1,24.13,63.76,0.704,0.791,low
asset_0431,12.04,1,45.57,80.83,0.992,0.64,high
asset_0432,81.31,0,33.81,80.73,1.591,0.528,medium
asset_0433,43.65,1,34.8,63.04,1.596,0.794,low
asset_0434,43.52,0,16.72,76.44,0.882,0.922,high
asset_0435,130.85,1,28.45,71.03,1.314,0.844,medium
asset_0436,53.5,0,19.94,76.99,3.285,0.733,high
asset_0437,56.36,1,13.2,74.08,1.212,0.812,medium
asset_0438,139.09,1,21.25,82.77,0.894,0.843,high
asset_0439,13.44,1,33.82,72.68,1.13,0.666,low
asset_0440,11.44,1,41.89,70.49,1.273,0.684,low
asset_0441,7.7,1,8.85,81.86,1.141,0.811,high
asset_0442,25.44,1,29.15,77.22,1.204,0.884,high
asset_0443,53.91,0,27.78,78.59,0.638,0.947,medium
asset_0444,74.12,0,32.93,66.02,0.792,0.458,low
asset_0445,9.21,1,15.39,62.59,1.142,0.592,medium
asset_0446,129.16,1,15.57,66.89,1.134,0.606,high
asset_0447,67.25,1,52.84,66.41,0.947,0.869,high
asset_0448,48.66,1,5.28,79.08,1.128,0.861,medium
asset_0449,26.14,1,18.33,80.78,1.255,0.722,low
asset_0450,40.8,1,23.51,70.6,1.823,0.812,medium
asset_0451,76.4,1,24.81,84.88,1.168,0.795,medium
asset_0452,18.75,1,20.15,84.32,1.462,0.84,medium
asset_0453,63.91,0,37.3,74.19,0.957,0.834,medium
asset_0454,2.84,1,35.72,64.6,1.58,0.903,high
asset_0455,66.39,1,27.13,86.18,1.446,0.846,medium
asset_0456,30.55,1,20.8,71.45,1.803,0.826,medium
asset_0457,25.67,1,26.01,73.14,1.684,0.79,medium
asset_0458,15.19,1,30.42,68.94,1.592,0.723,medium
asset_0459,88.04,0,19.26,63.99,1.168,0.778,high
asset_0460,92.32,1,38.69,58.78,1.364,0.818,medium
asset_0461,26.21,1,47.21,77.7,1.971,0.893,medium
asset_0462,5.04,1,57.3,64.95,0.911,0.825,low
asset_0463,54.05,1,55.57,99.54,0.921,0.564,medium
asset_0464,65.61,1,24.73,62.23,1.325,0.506,low
asset_0465,3.94,1,31.2,60.68,1.472,0.715,low
asset_0466,56.17,1,26.86,76.59,0.843,0.885,medium
asset_0467,5.45,1,26.81,85.76,1.181,0.875,medium
asset_0468,72.73,0,25.92,72.58,1.171,0.702,high
asset_0469,81.69,0,29.43,77.15,0.451,0.628,medium
asset_0470,27.91,1,51.05,55.41,1.106,0.601,high
asset_0471,96.76,0,34.34,65.9,1.138,0.887,medium
asset_0472,45.12,1,15.0,62.34,1.136,0.735,medium
asset_0473,53.01,1,46.22,54.94,2.31,0.826,high
asset_0474,40.3,1,32.7,73.05,0.707,0.778,medium
asset_0475,25.98,1,37.51,51.81,0.843,0.557,high
asset_0476,11.89,1,33.99,60.1,0.377,0.802,medium
asset_0477,57.95,0,34.78,67.17,0.984,0.709,medium
asset_0478,50.3,1,35.6,64.52,1.022,0.267,medium
asset_0479,41.55,1,10.06,75.57,0.971,0.601,low
asset_0480,48.03,1,37.27,74.75,2.011,0.585,low
asset_0481,28.21,1,19.72,80.04,1.799,0.845,medium
asset_0482,55.18,1,22.53,78.77,1.265,0.539,low
asset_0483,77.75,0,29.3,82.27,1.034,0.886,medium
asset_0484,58.62,1,61.73,71.98,1.938,0.566,high
asset_0485,30.58,1,16.5,74.73,1.211,0.71,medium
asset_0486,35.78,1,28.79,76.6,0.845,0.884,high
asset_0487,47.32,0,25.59,73.27,0.564,0.798,medium
asset_0488,17.35,1,45.89,68.43,1.001,0.755,low
asset_0489,42.18,0,25.21,69.01,1.715,0.764,low
asset_0490,105.67,0,32.89,64.64,3.402,0.66,high
asset_0491,41.52,1,16.53,75.79,1.256,0.775,medium
asset_0492,54.03,0,49.72,71.15,0.866,0.75,high
asset_0493,142.93,0,12.54,66.03,0.717,0.404,medium
asset_0494,18.08,1,37.02,66.04,1.566,0.677,medium
asset_0495,110.64,0,32.99,61.11,0.552,0.816,high
asset_0496,67.61,1,35.45,80.81,1.565,0.749,high
asset_0497,22.25,1,12.65,72.71,1.765,0.793,low
asset_0498,91.7,1,24.94,64.23,1.486,0.644,high
asset_0499,49.26,1,44.79,79.28,1.106,0.621,medium
asset_0500,34.15,1,66.3,66.96,1.575,0.721,high
asset_0501,77.72,0,27.68,59.34,1.319,0.759,medium
asset_0502,67.43,1,42.72,81.19,0.861,0.831,medium
asset_0503,56.76,1,31.38,67.17,2.809,0.767,medium
asset_0504,72.27,1,28.43,68.32,1.043,0.852,high
asset_0505,40.37,0,23.43,72.37,1.732,0.565,medium
asset_0506,67.1,0,29.38,82.28,0.411,0.569,medium
asset_0507,16.18,1,40.84,72.18,2.169,0.721,medium
asset_0508,36.67,1,42.51,61.21,2.365,0.617,high
asset_0509,37.06,1,14.19,76.89,1.238,0.835,medium
asset_0510,70.95,1,22.31,67.64,1.571,0.515,medium
asset_0511,61.32,1,16.06,88.99,1.57,0.711,medium
asset_0512,24.11,1,30.14,71.99,0.915,0.85,medium
asset_0513,131.72,0,24.47,51.88,1.562,0.873,medium
asset_0514,54.42,0,34.85,75.22,0.849,0.87,medium
asset_0515,60.54,0,36.07,89.5,0.929,0.569,high
asset_0516,76.42,1,7.01,86.18,2.028,0.67,medium
asset_0517,34.71,1,29.26,88.48,1.894,0.606,low
asset_0518,24.97,1,51.55,62.82,0.889,0.669,medium
asset_0519,46.66,1,22.32,80.21,0.878,0.774,low
asset_0520,38.24,1,21.97,65.5,0.913,0.884,low
asset_0521,81.01,0,47.18,74.02,1.698,0.854,high
asset_0522,79.63,1,43.49,60.54,0.779,0.898,medium
asset_0523,113.41,1,17.0,66.2,1.434,0.856,medium
asset_0524,35.77,1,41.39,65.91,1.709,0.754,high
asset_0525,57.24,1,19.14,80.09,1.174,0.823,medium
asset_0526,41.28,1,21.84,79.21,1.924,0.646,low
asset_0527,88.16,1,16.99,74.49,1.065,0.951,low
asset_0528,98.17,1,14.13,59.85,1.109,0.766,medium
asset_0529,85.07,1,31.05,69.2,0.787,0.855,medium
asset_0530,72.73,1,12.89,65.28,1.93,0.909,high
asset_0531,43.08,1,31.69,79.83,0.865,0.881,medium
asset_0532,20.49,1,31.18,82.6,1.43,0.533,medium
asset_0533,35.73,1,27.04,81.51,1.183,0.696,medium
asset_0534,48.75,1,22.88,65.2,0.761,0.748,low
asset_0535,129.96,0,20.53,47.34,0.929,0.467,medium
asset_0536,75.77,1,15.79,56.1,2.276,0.625,medium
asset_0537,19.33,1,57.51,84.79,1.337,0.833,low
asset_0538,46.44,1,26.42,68.39,0.776,0.816,high
asset_0539,62.41,0,25.96,65.24,1.401,0.463,high
asset_0540,30.53,1,17.45,86.78,1.144,0.665,medium
asset_0541,9.72,1,54.53,83.39,5.78,0.86,medium
asset_0542,56.1,1,21.23,72.22,1.389,0.507,medium
asset_0543,103.23,1,33.23,69.36,1.029,0.686,low
asset_0544,10.41,1,36.47,70.81,2.314,0.859,low
asset_0545,61.95,0,31.06,74.04,0.533,0.737,medium
asset_0546,77.96,0,12.71,86.4,1.274,0.731,high
asset_0547,7.98,1,40.52,75.8,2.997,0.83,medium
asset_0548,41.69,1,21.12,78.53,1.159,0.923,medium
asset_0549,49.92,1,43.27,82.52,0.56,0.791,medium
asset_0550,21.47,1,20.39,61.47,1.022,0.61,medium
asset_0551,2.64,1,28.32,78.79,2.35,0.645,low
asset_0552,20.65,1,37.58,69.35,1.447,0.532,medium
asset_0553,17.0,1,52.77,49.36,0.837,0.631,high
asset_0554,53.72,1,39.78,52.85,0.897,0.901,high
asset_0555,71.15,0,38.04,62.84,0.949,0.818,high
asset_0556,39.24,1,41.43,76.78,1.437,0.543,low
asset_0557,48.3,1,18.77,73.02,2.23,0.877,medium
asset_0558,10.59,1,44.18,73.66,1.961,0.863,medium
asset_0559,42.18,1,25.37,89.56,1.5,0.565,low
asset_0560,45.88,0,25.8,60.58,0.671,0.641,low
asset_0561,126.48,0,30.56,71.75,0.672,0.583,high
asset_0562,40.94,1,24.14,74.74,1.553,0.976,medium
asset_0563,176.07,0,16.65,65.37,0.667,0.675,medium
asset_0564,34.41,1,29.38,72.25,1.104,0.71,medium
asset_0565,74.47,0,25.87,57.6,1.401,0.716,medium
asset_0566,38.43,1,25.39,84.69,0.732,0.803,low
asset_0567,29.15,1,27.85,65.87,0.77,0.5,low
asset_0568,45.33,0,7.51,90.28,1.171,0.615,medium
asset_0569,25.4,1,25.49,71.71,1.532,0.814,medium
asset_0570,18.27,1,56.0,81.25,1.969,0.68,high
asset_0571,119.45,0,53.83,71.52,1.605,0.642,medium
asset_0572,33.16,1,29.91,71.72,1.263,0.831,low
asset_0573,63.41,1,29.39,66.74,0.873,0.921,low
asset_0574,51.39,1,6.22,73.07,0.754,0.829,medium
asset_0575,62.46,0,21.77,74.86,0.971,0.685,low
asset_0576,24.87,1,41.23,64.94,1.469,0.788,low
asset_0577,100.21,1,23.83,70.87,1.421,0.884,medium
asset_0578,77.14,0,48.11,66.51,0.475,0.542,medium
asset_0579,55.06,1,46.69,92.7,0.858,0.693,medium
asset_0580,61.33,0,21.55,71.19,2.1,0.747,medium
asset_0581,51.71,1,31.06,85.91,1.266,0.809,low
asset_0582,22.28,1,58.18,70.24,0.646,0.923,high
asset_0583,56.36,1,12.53,74.33,3.526,0.652,medium
asset_0584,43.41,0,24.11,60.11,1.206,0.856,medium
asset_0585,57.55,1,11.77,67.98,1.452,0.723,low
asset_0586,51.08,1,18.02,73.89,1.462,0.768,medium
asset_0587,60.29,1,66.5,86.27,1.035,0.77,medium
asset_0588,52.94,1,24.11,74.0,0.88,0.555,medium
asset_0589,23.82,1,8.74,84.45,3.173,0.654,medium
asset_0590,131.05,0,16.55,77.77,1.918,0.491,high
asset_0591,21.33,1,11.01,86.65,1.768,0.802,medium
asset_0592,54.6,0,31.67,71.47,1.583,0.845,high
asset_0593,41.41,1,36.2,93.51,0.778,0.693,high
asset_0594,45.88,1,44.47,67.63,2.17,0.67,medium
asset_0595,44.14,1,40.14,65.1,0.836,0.861,medium
asset_0596,114.97,1,12.9,61.11,1.387,0.794,medium
asset_0597,16.63,1,35.29,92.98,0.584,0.847,high
asset_0598,85.13,0,27.23,79.38,0.488,0.704,medium
asset_0599,23.17,1,47.63,68.99,1.409,0.855,medium
asset_0600,42.44,1,42.39,83.24,0.849,0.791,low
asset_0601,42.45,1,70.78,78.19,0.499,0.689,high
asset_0602,42.4,1,17.31,89.7,1.558,0.635,low
asset_0603,85.49,1,15.92,58.07,3.171,0.757,low
asset_0604,57.8,1,22.5,69.61,2.283,0.702,medium
asset_0605,56.67,0,27.79,67.84,1.088,0.653,medium
asset_0606,71.93,1,20.17,54.24,1.226,0.887,high
asset_0607,83.32,1,17.82,81.54,1.821,0.817,high
asset_0608,17.08,1,34.13,69.57,2.024,0.849,low
asset_0609,91.45,1,22.46,78.66,1.046,0.341,medium
asset_0610,75.26,1,19.7,93.24,1.24,0.837,high
asset_0611,3.21,1,12.88,68.82,1.398,0.707,medium
asset_0612,44.3,1,6.6,68.21,1.567,0.818,low
asset_0613,42.72,1,54.67,73.07,1.15,0.427,medium
asset_0614,52.5,1,53.88,80.89,1.157,0.627,medium
asset_0615,42.11,1,43.03,66.9,2.273,0.723,high
asset_0616,60.66,0,38.11,66.32,2.105,0.729,medium
asset_0617,49.98,1,21.36,81.51,1.514,0.72,low
asset_0618,47.01,1,38.89,75.41,2.647,0.869,medium
asset_0619,97.14,1,15.28,53.6,1.026,0.658,medium
asset_0620,83.83,0,30.68,60.97,2.535,0.721,high
asset_0621,26.97,1,18.79,85.51,1.559,0.579,medium
asset_0622,30.78,1,38.97,75.62,5.323,0.794,low
asset_0623,30.59,1,60.11,65.14,0.714,0.827,medium
asset_0624,75.23,1,16.51,70.47,0.896,0.792,medium
asset_0625,102.6,1,21.93,72.12,1.475,0.789,medium
asset_0626,46.35,1,30.39,78.62,1.46,0.828,medium
asset_0627,49.31,1,9.44,59.78,2.938,0.761,high
asset_0628,110.53,0,11.34,64.43,0.904,0.873,high
asset_0629,14.98,1,59.24,74.46,1.835,0.616,medium
asset_0630,14.33,1,34.21,71.1,2.061,0.509,low
asset_0631,42.65,1,20.72,77.15,1.677,0.684,medium
asset_0632,117.92,0,28.75,60.93,0.793,0.925,medium
asset_0633,50.38,1,22.55,75.21,2.301,0.508,low
asset_0634,40.08,1,30.85,81.82,2.124,0.953,high
asset_0635,34.48,1,23.0,76.38,1.6,0.603,high
asset_0636,44.15,1,27.6,73.25,1.339,0.718,low
asset_0637,53.72,0,40.69,71.14,1.352,0.69,high
asset_0638,52.44,1,39.4,64.49,1.179,0.84,medium
asset_0639,24.98,1,57.61,71.35,1.63,0.816,medium
asset_0640,31.09,1,35.43,83.34,1.239,0.684,medium
asset_0641,7.82,1,29.69,70.93,0.834,0.888,low
asset_0642,28.23,1,61.81,63.99,0.762,0.934,low
asset_0643,112.61,1,26.12,67.57,0.871,0.831,high
asset_0644,34.78,1,7.06,73.81,1.35,0.721,medium
asset_0645,17.52,1,43.29,68.64,1.207,0.767,medium
asset_0646,54.2,1,33.34,76.37,1.346,0.668,medium
asset_0647,78.61,0,28.98,76.71,1.53,0.6,high
asset_0648,10.43,1,43.86,80.0,0.921,0.507,medium
asset_0649,18.07,1,23.11,84.81,2.362,0.689,high
asset_0650,92.17,1,7.31,80.96,1.083,0.638,high
asset_0651,88.72,0,44.28,63.59,1.005,0.861,medium
asset_0652,70.14,1,20.32,63.87,1.518,0.863,medium
asset_0653,87.99,1,16.89,71.32,0.534,0.692,medium
asset_0654,125.09,0,7.59,67.94,0.856,0.632,high
asset_0655,104.64,1,42.46,61.76,1.899,0.641,medium
asset_0656,55.41,1,5.38,68.02,0.559,0.979,low
asset_0657,74.89,1,52.56,67.73,2.02,0.571,low
asset_0658,63.42,1,24.33,65.95,2.411,0.863,medium
asset_0659,50.3,1,43.47,69.16,1.034,0.659,high
asset_0660,19.2,1,35.97,82.61,1.393,0.885,high
asset_0661,16.63,1,67.41,73.79,2.021,0.49,medium
asset_0662,24.59,1,35.48,94.25,0.99,0.688,low
asset_0663,10.42,1,51.61,73.53,1.805,0.839,low
asset_0664,73.6,0,21.55,69.39,0.903,0.625,high
asset_0665,45.11,1,11.31,72.04,0.985,0.721,medium
asset_0666,163.42,1,46.79,74.31,0.852,0.474,high
asset_0667,70.44,1,11.1,75.92,1.425,0.462,low
asset_0668,51.57,1,42.23,90.69,2.057,0.803,medium
asset_0669,29.08,1,15.76,64.39,1.124,0.803,high
asset_0670,43.68,1,33.67,79.73,0.689,0.79,low
asset_0671,16.43,1,68.03,73.87,0.75,0.791,low
asset_0672,60.95,0,40.61,57.86,1.459,0.87,medium
asset_0673,56.65,1,26.18,78.94,2.801,0.795,medium
asset_0674,28.69,1,36.39,83.41,1.458,0.786,high
asset_0675,147.52,0,21.98,64.29,1.026,0.571,high
asset_0676,50.3,1,80.85,71.92,1.724,0.751,high
asset_0677,99.75,1,19.48,56.47,1.097,0.49,low
asset_0678,121.7,0,27.69,60.67,1.03,0.566,medium
asset_0679,68.2,0,38.82,81.43,0.793,0.529,high
asset_0680,47.85,0,35.07,67.8,2.302,0.425,medium
asset_0681,91.73,0,37.07,62.02,0.39,0.729,high
asset_0682,11.66,1,22.23,74.07,1.749,0.779,medium
asset_0683,55.37,1,25.61,67.3,0.991,0.428,low
asset_0684,67.77,1,45.73,67.76,1.015,0.641,medium
asset_0685,35.51,1,44.62,78.65,2.616,0.701,medium
asset_0686,30.47,1,35.49,61.54,0.886,0.526,low
asset_0687,49.73,0,54.76,63.85,0.899,0.848,medium
asset_0688,50.73,1,46.63,73.39,1.152,0.907,medium
asset_0689,50.57,1,43.96,80.72,1.471,0.679,low
asset_0690,60.91,0,10.97,83.14,1.001,0.727,medium
asset_0691,152.77,0,35.28,66.01,0.602,0.722,medium
asset_0692,58.8,1,32.13,80.44,0.827,0.591,high
asset_0693,31.83,1,58.19,64.94,2.174,0.608,medium
asset_0694,144.93,0,3.69,88.44,1.263,0.333,high
asset_0695,25.43,1,26.88,61.8,1.496,0.866,high
asset_0696,48.74,1,30.8,83.96,1.086,0.793,medium
asset_0697,24.94,1,15.64,66.09,0.908,0.947,low
asset_0698,27.14,1,17.42,90.12,2.598,0.622,high
asset_0699,44.79,0,58.28,77.32,1.122,0.61,medium
asset_0700,39.42,1,37.0,62.86,1.0,0.781,high
asset_0701,17.15,1,68.11,67.3,2.0,0.528,medium
asset_0702,70.07,1,26.63,79.03,0.882,0.861,medium
asset_0703,8.39,1,12.6,81.47,0.935,0.764,medium
asset_0704,21.84,1,24.64,71.36,1.227,0.591,medium
asset_0705,66.65,0,22.43,72.4,1.222,0.604,high
asset_0706,53.73,1,41.31,78.83,1.373,0.631,low
asset_0707,21.96,1,40.49,73.19,3.131,0.631,high
asset_0708,86.46,1,37.92,60.36,1.421,0.449,low
asset_0709,61.56,1,78.46,64.68,0.419,0.974,high
asset_0710,4.55,1,53.2,74.12,1.415,0.568,high
asset_0711,2.26,1,18.12,82.94,1.242,0.751,medium
asset_0712,38.67,1,47.38,86.54,1.246,0.624,low
asset_0713,46.03,1,29.76,79.02,1.364,0.466,high
asset_0714,84.4,1,26.24,74.59,1.206,0.347,high
asset_0715,4.15,1,56.46,78.74,1.193,0.887,medium
asset_0716,79.77,1,17.47,66.0,1.609,0.71,medium
asset_0717,74.28,1,45.83,70.62,0.957,0.568,high
asset_0718,57.35,1,42.3,64.58,0.797,0.818,low
asset_0719,13.1,1,17.28,60.76,4.762,0.874,medium
asset_0720,13.53,1,10.74,75.0,0.885,0.569,medium
asset_0721,17.13,1,28.07,73.67,1.278,0.655,low
asset_0722,103.42,0,3.36,78.19,0.623,0.817,high
asset_0723,89.77,1,50.07,76.92,1.287,0.772,medium
asset_0724,31.76,1,35.21,74.18,0.803,0.775,high
asset_0725,75.24,1,57.35,77.01,1.001,0.888,medium
asset_0726,66.38,1,34.0,71.62,1.955,0.42,medium
asset_0727,64.76,0,59.24,75.72,1.51,0.543,medium
asset_0728,24.3,1,21.15,65.46,1.577,0.237,medium
asset_0729,84.76,1,37.86,75.33,0.55,0.933,high
asset_0730,42.79,1,23.69,78.02,2.792,0.862,medium
asset_0731,35.97,1,27.62,65.97,0.714,0.711,high
asset_0732,14.68,1,30.75,72.47,2.43,0.704,medium
asset_0733,36.05,1,35.15,66.39,1.934,0.803,medium
asset_0734,41.37,1,19.57,67.26,1.584,0.916,low
asset_0735,55.75,0,36.95,61.88,0.831,0.755,high
asset_0736,55.12,0,29.95,83.39,1.308,0.674,medium
asset_0737,49.43,0,13.04,81.59,0.988,0.693,medium
asset_0738,91.43,0,9.73,76.84,1.237,0.781,medium
asset_0739,18.89,1,50.16,89.75,1.092,0.579,medium
asset_0740,74.24,0,6.54,70.3,0.488,0.511,medium
asset_0741,14.62,1,26.91,99.29,2.023,0.809,medium
asset_0742,40.88,0,12.19,69.95,1.178,0.792,high
asset_0743,46.96,1,63.99,74.3,0.982,0.4,low
asset_0744,56.68,0,38.84,68.42,0.949,0.83,medium
asset_0745,57.97,0,34.68,75.35,1.435,0.632,low
asset_0746,40.63,0,18.6,79.52,0.817,0.77,high
asset_0747,137.49,0,12.93,70.97,0.443,0.482,medium
asset_0748,11.59,1,32.16,87.99,1.467,0.428,medium
asset_0749,31.15,1,28.99,74.15,1.543,0.716,high
asset_0750,22.19,1,15.79,74.43,1.116,0.514,medium
asset_0751,109.58,1,15.46,63.82,0.729,0.398,medium
asset_0752,109.54,1,15.01,75.77,1.271,0.605,medium
asset_0753,44.88,1,14.7,70.79,0.632,0.764,low
asset_0754,55.1,0,20.77,66.53,0.769,0.38,high
asset_0755,49.02,1,34.69,65.01,0.871,0.915,medium
asset_0756,54.86,1,37.66,96.05,1.786,0.851,high
asset_0757,146.87,1,28.68,69.63,1.038,0.575,high
asset_0758,127.39,0,31.41,58.89,0.998,0.763,high
asset_0759,18.32,1,38.56,65.72,2.944,0.612,medium
asset_0760,33.19,1,8.14,71.54,1.431,0.681,low
asset_0761,10.93,1,32.67,76.92,1.423,0.582,medium
asset_0762,19.56,1,54.37,76.99,1.034,0.689,high
asset_0763,37.69,1,26.54,78.09,0.934,0.844,high
asset_0764,60.32,0,49.16,66.2,0.457,0.761,high
asset_0765,56.45,1,26.8,75.06,1.889,0.562,low
asset_0766,41.77,1,39.84,64.12,1.494,0.673,low
asset_0767,74.08,0,34.33,66.42,1.127,0.945,high
asset_0768,43.6,0,14.86,63.74,1.148,0.466,low
asset_0769,116.43,1,16.95,61.3,1.701,0.786,medium
asset_0770,30.54,1,59.23,81.58,0.607,0.527,medium
asset_0771,8.47,1,44.17,78.2,0.937,0.779,medium
asset_0772,70.48,1,27.75,80.79,0.732,0.563,medium
asset_0773,43.65,1,25.86,72.35,2.711,0.623,high
asset_0774,39.76,1,18.67,78.99,1.811,0.627,high
asset_0775,147.54,1,35.82,56.15,0.453,0.426,medium
asset_0776,53.58,1,19.58,79.77,0.618,0.961,medium
asset_0777,40.32,0,24.08,73.59,1.151,0.702,high
asset_0778,43.36,1,20.72,77.64,0.987,0.967,medium
asset_0779,18.84,1,42.81,75.42,0.673,0.786,medium
asset_0780,5.0,1,27.16,63.12,2.93,0.655,medium
asset_0781,43.32,1,31.53,58.52,1.406,0.753,medium
asset_0782,48.42,1,15.04,65.59,1.512,0.56,low
asset_0783,60.4,0,20.64,77.08,0.895,0.624,high
asset_0784,32.42,1,31.89,78.21,1.69,0.946,medium
asset_0785,68.72,1,11.12,59.69,1.029,0.792,low
asset_0786,36.85,1,26.09,63.17,1.075,0.77,medium
asset_0787,141.46,1,29.14,65.49,1.608,0.528,high
asset_0788,108.84,0,13.93,68.78,0.587,0.794,medium
asset_0789,109.32,1,48.08,59.74,2.506,0.806,medium
asset_0790,104.99,1,34.95,59.2,1.326,0.593,low
asset_0791,129.34,1,27.05,64.6,2.174,0.867,high
asset_0792,29.25,1,19.83,72.78,0.753,0.76,high
asset_0793,99.86,0,10.85,61.37,0.806,0.802,medium
asset_0794,8.95,1,46.28,70.96,0.724,0.841,medium
asset_0795,127.52,0,22.89,81.53,1.367,0.823,medium
asset_0796,93.67,1,12.6,60.28,1.258,0.797,high
asset_0797,32.1,1,19.52,70.14,0.991,0.942,high
asset_0798,20.73,1,36.83,81.22,0.774,0.913,high
asset_0799,58.32,0,33.14,68.24,0.691,0.779,medium
asset_0800,84.85,1,15.83,66.84,1.195,0.677,medium
asset_0801,1.84,1,50.33,82.47,0.991,0.888,medium
asset_0802,89.14,0,12.5,69.24,0.897,0.587,high
asset_0803,34.71,1,55.44,81.94,2.45,0.79,medium
asset_0804,53.56,1,32.43,75.86,1.177,0.734,medium
asset_0805,21.77,1,23.84,68.91,2.163,0.816,medium
asset_0806,27.55,1,25.63,76.32,0.961,0.833,medium
asset_0807,61.04,1,30.55,74.88,1.364,0.403,high
asset_0808,41.92,1,38.26,81.19,1.191,0.462,low
asset_0809,64.49,0,9.66,67.06,0.569,0.733,medium
asset_0810,61.58,1,19.16,72.37,2.323,0.559,medium
asset_0811,27.13,1,30.05,71.45,1.149,0.921,medium
asset_0812,44.91,0,51.28,78.34,1.709,0.859,high
asset_0813,63.47,0,50.32,62.77,0.871,0.393,medium
asset_0814,17.53,1,61.07,81.15,1.134,0.767,medium
asset_0815,22.18,1,49.14,76.2,0.827,0.417,low
asset_0816,8.36,1,18.36,60.15,2.13,0.947,medium
asset_0817,65.49,1,29.07,82.87,1.405,0.615,high
asset_0818,6.28,1,49.28,92.11,1.441,0.836,high
asset_0819,82.46,1,46.92,81.02,2.251,0.917,medium
asset_0820,68.15,1,26.32,84.84,2.055,0.762,medium
asset_0821,15.62,1,37.73,72.77,1.724,0.868,medium
asset_0822,37.62,1,22.82,57.05,0.644,0.967,low
asset_0823,44.66,1,11.9,55.4,0.893,0.899,low
asset_0824,14.37,1,27.55,74.3,0.777,0.889,low
asset_0825,49.03,0,26.68,66.67,1.695,0.86,low
asset_0826,54.67,0,22.24,63.77,1.319,0.672,high
asset_0827,34.81,1,38.34,71.44,0.653,0.894,medium
asset_0828,95.61,1,25.86,77.54,1.122,0.898,high
asset_0829,128.09,1,35.7,58.93,0.624,0.857,high
asset_0830,39.42,1,42.42,67.96,1.193,0.697,medium
asset_0831,27.5,1,83.2,85.59,0.58,0.718,medium
asset_0832,65.83,0,27.79,62.32,1.55,0.825,high
asset_0833,72.88,1,51.63,79.83,1.448,0.613,low
asset_0834,71.12,1,32.9,67.64,2.882,0.549,medium
asset_0835,22.01,1,33.87,76.91,1.789,0.91,medium
asset_0836,67.62,1,27.99,81.88,1.01,0.85,high
asset_0837,67.79,0,31.45,78.67,1.765,0.288,high
asset_0838,39.86,1,25.99,80.18,0.651,0.91,high
asset_0839,91.45,1,47.23,61.64,0.792,0.723,medium
asset_0840,18.9,1,19.56,82.02,1.419,0.861,medium
asset_0841,57.41,0,11.83,64.33,0.462,0.682,high
asset_0842,111.83,1,21.84,74.34,1.201,0.788,high
asset_0843,151.87,0,20.59,74.32,0.772,0.782,medium
asset_0844,69.97,1,21.84,76.37,1.278,0.709,high
asset_0845,112.04,0,27.22,75.03,0.752,0.799,high
asset_0846,56.29,0,21.88,64.41,1.478,0.559,medium
asset_0847,88.52,1,27.02,59.85,1.232,0.597,low
asset_0848,31.49,1,21.92,79.85,2.294,0.78,medium
asset_0849,69.17,0,36.08,73.67,1.225,0.646,high
asset_0850,46.25,1,82.82,82.34,0.864,0.797,low
asset_0851,41.19,1,32.56,71.6,1.093,0.929,medium
asset_0852,128.84,1,22.41,59.35,0.667,0.487,medium
asset_0853,40.98,0,6.19,80.7,1.466,0.865,high
asset_0854,65.7,0,69.21,68.67,1.593,0.74,high
asset_0855,26.51,1,33.5,75.08,3.71,0.786,high
asset_0856,85.19,1,26.89,66.17,0.923,0.909,medium
asset_0857,43.67,0,6.46,86.8,1.083,0.749,low
asset_0858,141.26,1,27.63,64.11,0.943,0.878,medium
asset_0859,16.7,1,31.32,68.96,1.344,0.896,low
asset_0860,73.34,1,21.96,72.97,1.45,0.718,medium
asset_0861,74.76,0,13.24,62.17,1.192,0.757,high
asset_0862,54.8,1,12.71,74.97,1.991,0.56,medium
asset_0863,46.09,1,69.75,86.51,0.925,0.539,medium
asset_0864,95.61,0,30.85,67.59,1.904,0.626,medium
asset_0865,69.64,1,21.95,75.56,1.556,0.79,high
asset_0866,167.27,0,29.91,47.26,1.215,0.506,medium
asset_0867,20.29,1,28.86,71.65,1.06,0.82,medium
asset_0868,28.28,1,12.32,69.18,3.64,0.905,low
asset_0869,34.41,1,45.69,64.63,0.846,0.704,medium
asset_0870,69.96,1,26.52,81.73,1.397,0.597,medium
asset_0871,42.97,1,31.07,69.06,0.871,0.806,medium
asset_0872,16.26,1,58.28,70.4,2.728,0.749,high
asset_0873,45.39,1,13.48,68.61,1.82,0.841,low
asset_0874,152.28,1,18.99,54.75,0.9,0.881,medium
asset_0875,61.45,0,34.41,61.81,1.538,0.875,low
asset_0876,21.55,1,45.25,80.65,1.372,0.679,medium
asset_0877,47.79,1,20.84,53.01,0.968,0.62,low
asset_0878,65.79,0,21.49,65.1,1.718,0.677,low
asset_0879,82.44,0,40.06,68.4,1.455,0.508,high
asset_0880,21.19,1,79.59,87.69,1.346,0.854,high
asset_0881,30.72,1,30.43,78.92,1.199,0.5,medium
asset_0882,92.4,1,18.96,66.99,1.483,0.819,medium
asset_0883,46.95,1,15.94,83.74,1.354,0.773,high
asset_0884,99.16,1,27.18,65.34,1.254,0.635,high
asset_0885,3.13,1,44.22,81.08,0.915,0.963,medium
asset_0886,6.85,1,96.85,59.77,2.617,0.845,low
asset_0887,20.56,1,24.82,81.66,0.761,0.788,medium
asset_0888,59.67,1,30.45,68.34,1.481,0.812,high
asset_0889,61.46,1,64.0,62.74,1.057,0.717,medium
asset_0890,26.11,1,34.12,70.05,2.696,0.725,medium
asset_0891,40.08,1,32.68,74.5,0.813,0.4,medium
asset_0892,47.6,1,57.92,67.55,0.877,0.841,medium
asset_0893,151.63,1,30.82,76.99,0.789,0.54,medium
asset_0894,62.62,1,16.7,66.75,1.413,0.903,medium
asset_0895,34.58,1,52.11,77.58,0.658,0.68,high
asset_0896,58.87,1,11.08,75.98,0.985,0.67,high
asset_0897,36.81,1,47.8,71.45,0.464,0.804,low
asset_0898,15.54,1,29.21,68.03,1.361,0.736,high
asset_0899,53.26,0,24.96,73.36,0.975,0.712,high
asset_0900,50.68,0,24.62,76.95,0.625,0.545,medium
asset_0901,77.64,1,27.12,90.56,1.991,0.675,medium
asset_0902,79.5,0,23.06,80.45,0.678,0.728,high
asset_0903,41.86,1,36.65,80.78,1.748,0.725,medium
asset_0904,23.54,1,23.49,99.8,0.891,0.842,low
asset_0905,27.56,1,8.65,76.64,2.511,0.612,medium
asset_0906,40.22,1,29.32,76.36,1.711,0.664,medium
asset_0907,26.78,1,8.3,78.34,0.776,0.395,medium
asset_0908,36.85,1,29.22,62.92,0.808,0.603,low
asset_0909,82.87,1,22.81,68.0,1.604,0.404,medium
asset_0910,41.39,0,46.07,67.44,1.085,0.676,medium
asset_0911,97.3,0,25.52,77.83,1.132,0.915,high
asset_0912,64.14,1,42.77,70.43,2.165,0.886,medium
asset_0913,40.03,0,40.36,73.24,0.872,0.884,high
asset_0914,114.71,0,40.91,81.79,1.273,0.677,high
asset_0915,16.34,1,60.28,79.77,1.877,0.733,low
asset_0916,16.87,1,26.0,70.54,1.758,0.912,medium
asset_0917,24.63,1,30.22,65.97,1.137,0.685,low
asset_0918,9.75,1,36.15,82.22,1.072,0.762,high
asset_0919,63.27,1,30.7,78.97,0.559,0.622,medium
asset_0920,115.1,0,25.55,57.54,0.759,0.828,medium
asset_0921,59.28,1,17.59,69.18,1.41,0.617,medium
asset_0922,89.5,1,29.5,73.49,1.148,0.845,medium
asset_0923,84.03,1,11.85,79.01,1.263,0.666,high
asset_0924,30.2,1,7.88,80.19,1.95,0.89,high
asset_0925,58.9,1,15.32,74.56,0.716,0.558,low
asset_0926,10.24,1,40.68,77.27,1.098,0.465,medium
asset_0927,26.7,1,33.02,72.58,1.33,0.685,medium
asset_0928,113.58,1,40.88,65.94,0.89,0.847,medium
asset_0929,63.9,1,19.96,69.65,2.326,0.617,low
asset_0930,79.32,1,48.4,72.17,1.838,0.747,medium
asset_0931,112.35,0,12.72,71.69,1.392,0.589,high
asset_0932,26.95,1,15.66,55.03,2.738,0.833,medium
asset_0933,133.47,0,47.98,68.42,0.622,0.886,high
asset_0934,20.77,1,31.81,72.51,1.217,0.715,medium
asset_0935,47.99,1,41.0,69.47,1.44,0.496,medium
asset_0936,16.34,1,33.09,69.78,0.809,0.724,medium
asset_0937,47.35,1,21.54,76.39,1.398,0.862,medium
asset_0938,36.14,1,14.58,62.29,0.742,0.578,medium
asset_0939,57.15,1,9.29,57.35,1.667,0.819,high
asset_0940,58.28,1,66.69,68.87,1.966,0.871,high
asset_0941,51.15,1,10.81,78.88,1.381,0.268,medium
asset_0942,3.55,1,56.96,87.19,0.531,0.718,low
asset_0943,63.18,1,30.91,79.04,0.791,0.633,low
asset_0944,37.12,1,33.61,58.79,1.575,0.88,low
asset_0945,38.4,1,32.5,69.91,1.233,0.764,high
asset_0946,84.59,1,38.46,74.31,0.363,0.716,high
asset_0947,36.47,1,18.9,73.6,2.137,0.842,medium
asset_0948,55.45,0,7.15,76.85,1.299,0.859,high
asset_0949,71.07,1,21.3,63.75,0.845,0.91,low
asset_0950,32.97,1,36.83,72.58,1.911,0.765,medium
asset_0951,20.33,1,15.75,75.78,0.9,0.585,low
asset_0952,22.01,1,49.0,79.43,0.896,0.875,medium
asset_0953,83.79,0,27.39,64.75,1.435,0.711,high
asset_0954,78.56,1,14.9,68.89,2.722,0.853,high
asset_0955,62.02,0,31.65,47.67,2.536,0.634,low
asset_0956,54.75,1,36.52,66.41,1.436,0.629,medium
asset_0957,98.88,1,37.86,67.28,1.504,0.595,medium
asset_0958,36.74,1,3.5,62.82,1.744,0.793,low
asset_0959,24.35,1,3.04,73.49,0.694,0.723,medium
asset_0960,64.97,1,48.01,71.5,1.632,0.81,medium
asset_0961,59.45,0,12.12,51.67,0.878,0.833,medium
asset_0962,21.83,1,48.04,73.94,1.41,0.664,medium
asset_0963,33.36,1,50.25,63.65,1.103,0.648,medium
asset_0964,96.93,0,14.6,76.37,1.53,0.728,high
asset_0965,74.63,0,16.35,60.46,1.288,0.841,medium
asset_0966,38.12,1,42.04,72.27,0.306,0.931,medium
asset_0967,38.67,1,23.57,69.45,1.324,0.544,medium
asset_0968,72.72,1,53.95,74.73,1.631,0.96,medium
asset_0969,37.34,1,61.41,73.12,1.493,0.845,low
asset_0970,19.98,1,14.89,69.7,1.166,0.595,low
asset_0971,21.6,1,18.69,58.17,2.557,0.671,high
asset_0972,71.87,1,30.81,58.71,1.405,0.574,medium
asset_0973,63.14,0,7.01,66.75,1.487,0.713,medium
asset_0974,56.68,1,9.48,71.93,1.954,0.889,medium
asset_0975,61.99,1,17.49,66.53,1.438,0.897,high
asset_0976,59.2,1,71.9,77.63,0.815,0.455,low
asset_0977,78.07,1,33.25,69.49,0.408,0.489,low
asset_0978,128.61,0,20.41,63.31,0.985,0.638,medium
asset_0979,10.47,1,16.27,69.5,1.72,0.668,medium
asset_0980,96.64,1,14.5,74.03,1.042,0.826,medium
asset_0981,110.18,1,21.24,74.92,1.752,0.407,medium
asset_0982,82.14,0,20.58,88.91,1.306,0.781,medium
asset_0983,36.54,1,25.86,65.98,2.181,0.941,medium
asset_0984,80.31,1,37.41,71.34,1.069,0.976,medium
asset_0985,23.69,1,28.0,75.84,1.507,0.836,high
asset_0986,64.43,1,43.31,71.79,1.534,0.495,low
asset_0987,14.81,1,24.88,67.49,2.401,0.659,medium
asset_0988,114.17,0,63.75,58.06,0.567,0.62,medium
asset_0989,96.76,1,42.78,67.4,0.994,0.749,medium
asset_0990,13.87,1,32.79,62.34,1.789,0.948,low
asset_0991,28.56,1,37.47,56.46,2.449,0.761,medium
asset_0992,15.82,1,21.56,64.84,1.361,0.684,medium
asset_0993,40.52,0,25.64,62.58,1.071,0.288,low
asset_0994,84.71,1,25.11,77.25,1.717,0.882,medium
asset_0995,71.86,1,19.08,77.41,1.806,0.802,high
asset_0996,56.43,1,13.04,63.87,1.039,0.695,medium
asset_0997,52.95,1,38.51,69.66,1.417,0.572,medium
asset_0998,166.55,0,46.74,55.28,2.078,0.448,high
asset_0999,52.89,1,35.76,67.55,2.86,0.634,low
asset_1000,88.9,1,27.95,75.59,1.706,0.804,high
asset_1001,42.6,1,78.0,79.42,1.246,0.879,medium
asset_1002,147.43,0,20.27,65.58,1.192,0.484,low
asset_1003,29.27,1,33.36,81.47,1.57,0.883,high
asset_1004,108.22,1,50.11,58.36,1.159,0.7,medium
asset_1005,37.63,1,15.39,60.77,1.33,0.508,medium
asset_1006,41.54,0,40.0,78.39,0.759,0.619,medium
asset_1007,16.39,1,65.85,87.04,2.19,0.9,medium
asset_1008,29.67,1,29.18,76.44,0.731,0.652,medium
asset_1009,71.93,0,31.84,71.64,1.006,0.207,high
asset_1010,111.97,0,20.34,52.24,1.276,0.842,medium
asset_1011,78.55,1,37.26,53.8,2.992,0.41,medium
asset_1012,131.81,0,18.82,73.16,1.01,0.522,medium
asset_1013,76.88,1,28.28,68.78,0.905,0.614,medium
asset_1014,94.63,1,12.07,62.05,0.953,0.863,medium
asset_1015,24.85,1,4.8,72.59,2.577,0.776,medium
asset_1016,126.82,0,22.6,73.04,0.345,0.857,high
asset_1017,47.47,1,22.4,80.5,0.778,0.666,medium
asset_1018,4.9,1,23.66,73.23,4.175,0.632,low
asset_1019,30.59,1,42.13,83.06,1.593,0.777,medium
asset_1020,61.2,0,47.4,72.07,0.743,0.698,medium
asset_1021,84.46,0,34.08,70.96,1.199,0.668,low
asset_1022,14.4,1,40.65,81.58,1.259,0.891,low
asset_1023,76.68,1,19.12,63.19,1.787,0.757,medium
asset_1024,24.34,1,16.59,97.33,2.795,0.811,high
asset_1025,14.36,1,37.64,75.38,1.455,0.8,medium
asset_1026,45.16,1,15.27,75.43,0.958,0.906,low
asset_1027,14.17,1,14.29,76.73,1.741,0.744,high
asset_1028,28.86,1,98.49,88.89,0.892,0.85,medium
asset_1029,19.46,1,30.17,79.13,0.767,0.887,high
asset_1030,115.54,1,22.41,57.55,0.553,0.538,medium
asset_1031,44.57,1,21.04,84.63,0.604,0.936,medium
asset_1032,67.51,0,12.28,68.93,0.816,0.491,medium
asset_1033,43.12,0,33.71,72.96,0.719,0.886,medium
asset_1034,57.14,1,24.85,60.49,1.406,0.703,high
asset_1035,44.6,1,46.73,76.74,0.712,0.957,low
asset_1036,34.43,1,38.24,66.14,0.297,0.706,high
asset_1037,71.78,1,24.4,72.9,0.764,0.73,high
asset_1038,59.72,1,8.27,69.44,0.988,0.888,high
asset_1039,75.69,0,30.21,89.33,0.93,0.721,high
asset_1040,11.67,1,28.81,89.84,2.42,0.883,medium
asset_1041,111.4,0,7.15,72.42,0.927,0.963,medium
asset_1042,18.51,1,36.02,72.58,1.816,0.975,high
asset_1043,53.82,1,14.97,68.64,1.211,0.852,medium
asset_1044,15.84,1,47.95,81.95,1.198,0.502,low
asset_1045,84.64,0,27.9,69.04,0.839,0.692,medium
asset_1046,108.09,0,20.71,68.21,1.19,0.311,medium
asset_1047,35.75,1,32.42,80.81,0.866,0.731,high
asset_1048,55.83,0,31.4,67.16,1.319,0.765,medium
asset_1049,117.76,1,30.81,71.66,1.098,0.187,medium
asset_1050,97.59,1,44.8,57.77,0.798,0.47,high
asset_1051,44.33,1,33.44,78.34,1.909,0.797,medium
asset_1052,55.79,1,19.7,89.47,1.48,0.475,high
asset_1053,53.51,0,25.25,78.49,0.998,0.757,low
asset_1054,14.83,1,56.45,85.16,1.304,0.763,low
asset_1055,23.81,1,18.73,64.39,1.176,0.748,low
asset_1056,62.0,0,35.73,74.13,0.827,0.762,medium
asset_1057,50.69,1,45.62,63.51,1.261,0.912,medium
asset_1058,96.4,1,37.49,69.95,0.924,0.617,medium
asset_1059,21.64,1,30.3,78.95,0.798,0.92,medium
asset_1060,58.24,1,32.75,72.92,0.588,0.557,low
asset_1061,9.17,1,38.69,59.29,1.039,0.873,medium
asset_1062,45.13,1,18.6,60.16,1.576,0.751,low
asset_1063,100.53,1,28.91,59.57,0.894,0.519,high
asset_1064,18.9,1,77.78,76.42,3.797,0.391,high
asset_1065,37.09,1,36.29,90.58,1.819,0.85,medium
asset_1066,1.78,1,30.86,84.26,2.197,0.71,medium
asset_1067,117.89,0,23.91,54.94,1.747,0.71,medium
asset_1068,30.35,1,18.72,84.79,2.812,0.79,medium
asset_1069,51.84,0,33.31,80.43,0.857,0.775,high
asset_1070,76.09,1,34.5,58.09,0.386,0.875,high
asset_1071,31.18,1,27.9,69.27,0.999,0.781,medium
asset_1072,8.91,1,93.31,81.86,1.57,0.908,medium
asset_1073,43.34,0,19.63,76.95,1.308,0.561,high
asset_1074,27.51,1,17.13,60.22,1.383,0.671,low
asset_1075,64.34,1,24.1,77.5,2.213,0.645,medium
asset_1076,15.01,1,28.37,52.76,1.451,0.51,medium
asset_1077,66.89,1,18.18,69.99,1.75,0.94,medium
asset_1078,16.19,1,32.91,82.24,0.8,0.719,medium
asset_1079,82.19,0,34.73,72.17,0.746,0.588,medium
asset_1080,8.63,1,40.98,67.51,2.525,0.542,low
asset_1081,16.1,1,22.05,80.0,1.278,0.736,medium
asset_1082,43.83,0,54.12,80.77,0.923,0.344,high
asset_1083,98.21,1,39.61,83.79,0.923,0.683,high
asset_1084,45.07,0,19.41,79.87,0.912,0.592,medium
asset_1085,58.93,1,18.13,81.73,0.888,0.653,medium
asset_1086,94.02,1,24.98,78.6,0.686,0.51,high
asset_1087,76.25,1,34.77,74.39,0.622,0.859,medium
asset_1088,34.99,1,37.34,72.81,1.119,0.824,medium
asset_1089,36.43,1,39.57,69.86,0.935,0.823,medium
asset_1090,55.5,1,75.3,61.09,2.01,0.648,low
asset_1091,144.51,1,9.05,63.4,1.394,0.699,high
asset_1092,63.36,1,9.93,69.46,1.376,0.448,medium
asset_1093,26.15,1,27.51,74.17,0.874,0.753,medium
asset_1094,40.9,1,72.18,84.97,1.157,0.972,high
asset_1095,43.4,0,41.92,71.62,1.437,0.781,medium
asset_1096,71.57,1,16.54,81.03,1.686,0.935,high
asset_1097,84.7,1,32.06,81.71,1.171,0.355,medium
asset_1098,59.44,1,26.66,69.92,1.985,0.529,medium
asset_1099,8.78,1,26.16,77.35,1.226,0.799,high
asset_1100,17.4,1,21.82,69.81,1.745,0.561,high
asset_1101,18.47,1,30.75,83.9,0.98,0.88,high
asset_1102,33.86,1,49.2,77.72,0.54,0.862,high
asset_1103,108.99,1,22.89,61.29,1.378,0.796,medium
asset_1104,11.85,1,39.72,73.45,1.693,0.676,low
asset_1105,8.93,1,43.18,86.83,1.582,0.628,medium
asset_1106,30.07,1,53.9,70.37,1.477,0.661,high
asset_1107,28.4,1,17.96,76.03,1.044,0.855,medium
asset_1108,59.35,0,29.51,76.91,0.85,0.296,high
asset_1109,19.53,1,20.47,62.67,1.566,0.568,high
asset_1110,57.31,1,30.78,76.6,1.48,0.453,high
asset_1111,69.67,0,30.67,59.46,0.949,0.656,high
asset_1112,71.54,0,15.51,66.37,2.012,0.584,medium
asset_1113,105.27,0,31.71,81.68,0.821,0.763,medium
asset_1114,67.74,1,77.18,75.21,0.939,0.616,high
asset_1115,17.91,1,37.41,69.26,2.551,0.664,low
asset_1116,50.51,0,13.71,76.02,1.806,0.898,low
asset_1117,108.43,0,17.34,71.46,1.04,0.884,high
asset_1118,64.4,0,28.74,72.11,1.39,0.706,medium
asset_1119,104.96,1,17.57,77.91,1.31,0.475,medium
asset_1120,56.27,0,52.48,65.45,0.355,0.744,low
asset_1121,67.67,0,12.74,72.36,0.812,0.648,medium
asset_1122,22.32,1,37.54,69.19,1.194,0.763,high
asset_1123,72.92,0,11.16,57.73,1.04,0.741,medium
asset_1124,23.37,1,28.5,63.72,1.365,0.685,medium
asset_1125,78.23,0,16.15,86.11,2.03,0.939,medium
asset_1126,25.56,1,40.94,75.46,1.057,0.426,high
asset_1127,48.29,1,48.19,60.09,0.759,0.745,high
asset_1128,82.72,1,34.72,58.14,1.414,0.734,medium
asset_1129,79.86,1,49.28,70.99,1.054,0.676,medium
asset_1130,74.13,0,5.91,86.05,1.139,0.739,medium
asset_1131,73.8,1,31.5,70.32,1.071,0.696,medium
asset_1132,6.37,1,37.27,83.76,3.35,0.825,low
asset_1133,54.36,1,39.68,75.17,0.446,0.751,medium
asset_1134,133.77,1,9.17,76.24,1.026,0.879,medium
asset_1135,67.77,1,36.19,59.98,1.219,0.779,medium
asset_1136,4.0,1,40.11,80.44,0.859,0.909,medium
asset_1137,40.71,1,31.32,68.99,1.831,0.676,low
asset_1138,5.38,1,13.79,79.77,1.761,0.691,low
asset_1139,80.15,1,21.73,64.67,1.195,0.794,medium
asset_1140,64.92,0,52.62,73.59,1.081,0.68,medium
asset_1141,35.65,1,49.72,75.17,1.161,0.639,low
asset_1142,84.24,1,36.93,70.61,1.165,0.677,high
asset_1143,67.68,1,41.37,75.64,1.179,0.803,medium
asset_1144,36.14,1,46.86,69.6,1.122,0.875,high
asset_1145,19.85,1,36.72,66.16,1.368,0.6,medium
asset_1146,30.24,1,51.88,86.45,1.714,0.961,medium
asset_1147,29.51,1,51.04,81.44,0.702,0.846,medium
asset_1148,30.73,1,89.02,65.15,0.761,0.938,low
asset_1149,64.96,1,22.23,77.12,0.556,0.667,high
asset_1150,85.72,0,22.45,65.32,1.804,0.759,high
asset_1151,56.52,0,4.1,61.34,1.367,0.585,medium
asset_1152,53.62,1,35.36,81.3,1.533,0.864,high
asset_1153,21.58,1,70.09,56.66,0.642,0.773,medium
asset_1154,23.57,1,53.89,80.34,2.727,0.771,high
asset_1155,97.07,1,43.9,69.73,0.929,0.664,high
asset_1156,30.28,1,55.69,70.1,1.317,0.815,low
asset_1157,28.03,1,37.61,75.69,1.794,0.85,high
asset_1158,114.31,1,25.14,77.23,0.783,0.694,high
asset_1159,57.72,0,78.6,64.56,0.955,0.746,high
asset_1160,17.65,1,36.24,78.46,1.324,0.56,low
asset_1161,32.8,1,50.5,73.02,4.419,0.509,high
asset_1162,7.77,1,5.88,60.7,1.399,0.958,medium
asset_1163,11.74,1,6.78,70.47,2.516,0.747,medium
asset_1164,57.53,1,32.01,84.43,2.101,0.849,high
asset_1165,9.12,1,17.57,87.09,1.441,0.573,medium
asset_1166,14.74,1,33.51,78.46,0.783,0.653,high
asset_1167,38.65,1,22.43,61.29,1.968,0.893,medium
asset_1168,49.98,1,95.43,76.42,0.622,0.609,medium
asset_1169,1.65,1,48.53,79.66,2.51,0.642,high
asset_1170,53.29,1,58.33,78.53,1.336,0.758,medium
asset_1171,107.47,0,7.77,79.06,0.371,0.755,medium
asset_1172,45.3,1,43.61,75.27,1.048,0.548,medium
asset_1173,57.19,1,26.71,71.35,1.639,0.675,low
asset_1174,118.9,0,58.88,66.52,1.098,0.317,medium
asset_1175,15.83,1,40.49,54.92,1.685,0.757,medium
asset_1176,122.66,1,28.77,75.06,0.833,0.658,high
asset_1177,34.24,1,14.67,73.67,0.679,0.889,high
asset_1178,67.66,1,31.69,77.02,1.183,0.919,high
asset_1179,54.46,1,52.03,59.96,1.239,0.775,medium
asset_1180,15.03,1,60.56,77.81,1.044,0.851,medium
asset_1181,11.43,1,24.26,90.49,2.122,0.51,low
asset_1182,84.84,1,87.73,72.71,0.833,0.63,high
asset_1183,23.18,1,50.04,71.45,1.406,0.87,medium
asset_1184,47.21,0,17.78,74.78,1.259,0.802,high
asset_1185,21.5,1,15.5,90.29,0.606,0.406,medium
asset_1186,102.46,0,27.61,62.79,0.675,0.775,medium
asset_1187,60.74,1,24.23,73.83,1.228,0.647,high
asset_1188,53.13,1,37.76,64.8,2.979,0.584,medium
asset_1189,61.27,1,29.99,67.08,1.585,0.58,high
asset_1190,29.99,1,25.34,71.55,0.562,0.929,high
asset_1191,172.94,0,11.56,84.13,0.301,0.54,medium
asset_1192,4.0,1,41.11,88.21,1.699,0.653,medium
asset_1193,62.83,0,10.95,76.03,1.17,0.67,medium
asset_1194,49.19,1,50.12,68.61,2.041,0.795,high
asset_1195,60.74,0,8.38,94.43,0.822,0.411,high
asset_1196,95.19,0,10.55,68.15,1.43,0.637,medium
asset_1197,71.55,1,17.73,66.86,1.787,0.83,medium
asset_1198,88.59,0,23.07,56.03,0.999,0.575,medium
asset_1199,60.84,0,20.53,84.56,1.008,0.838,medium
